<?xml version="1.0" encoding="UTF-8" standalone="yes"?>
<mappings xmlns="http://www.ge.com/CashMapping">

	<!--Bank Of America Business Mappings -->
	
	<lockbox>
		<lockboxid>ATL-100363</lockboxid>
		<lockboxbusiness>Fleet</lockboxbusiness>
		<country>US</country>
		<securitypolicyid>{CA27C197-B09A-4564-849A-8AD322502100}
		</securitypolicyid>
		<bankname>BOA</bankname>
	</lockbox>
	<lockbox>
		<lockboxid>ATL-409030</lockboxid>
		<lockboxbusiness>Fleet</lockboxbusiness>
		<country>US</country>
		<securitypolicyid>{CA27C197-B09A-4564-849A-8AD322502100}
		</securitypolicyid>
		<bankname>BOA</bankname>
	</lockbox>
	<lockbox>
		<lockboxid>ATL-741635</lockboxid>
		<lockboxbusiness>Fleet</lockboxbusiness>
		<country>US</country>
		<securitypolicyid>{CA27C197-B09A-4564-849A-8AD322502100}
		</securitypolicyid>
		<bankname>BOA</bankname>
	</lockbox>

	<lockbox>
		<lockboxid>DAL-848319</lockboxid>
		<lockboxbusiness>FF</lockboxbusiness>
		<country>US</country>
		<securitypolicyid>{F57AAF66-6717-4B55-ADE7-68B89E5E80A8}
		</securitypolicyid>
		<bankname>BOA</bankname>
	</lockbox>
	<lockbox>
		<lockboxid>CHI-002528</lockboxid>
		<lockboxbusiness>FF</lockboxbusiness>
		<country>US</country>
		<securitypolicyid>{F57AAF66-6717-4B55-ADE7-68B89E5E80A8}
		</securitypolicyid>
		<bankname>BOA</bankname>
	</lockbox>
	<lockbox>
		<lockboxid>ATL-403120</lockboxid>
		<lockboxbusiness>FF</lockboxbusiness>
		<country>US</country>
		<securitypolicyid>{F57AAF66-6717-4B55-ADE7-68B89E5E80A8}
		</securitypolicyid>
		<bankname>BOA</bankname>
	</lockbox>
	<lockbox>
		<lockboxid>ATL-100327</lockboxid>
		<lockboxbusiness>FF</lockboxbusiness>
		<country>US</country>
		<securitypolicyid>{F57AAF66-6717-4B55-ADE7-68B89E5E80A8}
		</securitypolicyid>
		<bankname>BOA</bankname>
	</lockbox>
	<lockbox>
		<lockboxid>DAL-840541</lockboxid>
		<lockboxbusiness>FF</lockboxbusiness>
		<country>US</country>
		<securitypolicyid>{F57AAF66-6717-4B55-ADE7-68B89E5E80A8}
		</securitypolicyid>
		<bankname>BOA</bankname>
	</lockbox>
	<lockbox>
		<lockboxid>DAL-842513</lockboxid>
		<lockboxbusiness>FF</lockboxbusiness>
		<country>US</country>
		<securitypolicyid>{F57AAF66-6717-4B55-ADE7-68B89E5E80A8}
		</securitypolicyid>
		<bankname>BOA</bankname>
	</lockbox>
	<lockbox>
		<lockboxid>ATL-404789</lockboxid>
		<lockboxbusiness>FF</lockboxbusiness>
		<country>US</country>
		<securitypolicyid>{F57AAF66-6717-4B55-ADE7-68B89E5E80A8}
		</securitypolicyid>
		<bankname>BOA</bankname>
	</lockbox>
	<lockbox>
		<lockboxid>DAL-843993</lockboxid>
		<lockboxbusiness>CDF</lockboxbusiness>
		<country>US</country>
		<securitypolicyid>{D154D9EE-1CC3-482B-B8C9-C55ADD8C3FDA}
		</securitypolicyid>
		<bankname>BOA</bankname>
	</lockbox>
	<lockbox>
		<lockboxid>DAL-843876</lockboxid>
		<lockboxbusiness>CDF</lockboxbusiness>
		<country>US</country>
		<securitypolicyid>{D154D9EE-1CC3-482B-B8C9-C55ADD8C3FDA}
		</securitypolicyid>
		<bankname>BOA</bankname>
	</lockbox>
	<lockbox>
		<lockboxid>DAL-846235</lockboxid>
		<lockboxbusiness>CDF</lockboxbusiness>
		<country>US</country>
		<securitypolicyid>{D154D9EE-1CC3-482B-B8C9-C55ADD8C3FDA}
		</securitypolicyid>
		<bankname>BOA</bankname>
	</lockbox>
	<!--End of Bank Of America Business Mappings -->

	<!--Northern Trust Business Mappings -->
	
	<lockbox> 
		<lockboxid>91230</lockboxid>
		<lockboxbusiness>Fleet</lockboxbusiness>
		<country>US</country>
		<securitypolicyid>{CA27C197-B09A-4564-849A-8AD322502100}
		</securitypolicyid>
		<bankname>NT</bankname>
	</lockbox>
	<lockbox> 
		<lockboxid>91693</lockboxid>
		<lockboxbusiness>Fleet</lockboxbusiness>
		<country>US</country>
		<securitypolicyid>{CA27C197-B09A-4564-849A-8AD322502100}
		</securitypolicyid>
		<bankname>NT</bankname>
	</lockbox>
	<lockbox> 
		<lockboxid>91881</lockboxid>
		<lockboxbusiness>Fleet</lockboxbusiness>
		<country>US</country>
		<securitypolicyid>{CA27C197-B09A-4564-849A-8AD322502100}
		</securitypolicyid>
		<bankname>NT</bankname>
	</lockbox>
	<lockbox> 
		<lockboxid>91891</lockboxid>
		<lockboxbusiness>Fleet</lockboxbusiness>
		<country>US</country>
		<securitypolicyid>{CA27C197-B09A-4564-849A-8AD322502100}
		</securitypolicyid>
		<bankname>NT</bankname>
	</lockbox>
	<lockbox> 
		<lockboxid>91898</lockboxid>
		<lockboxbusiness>Fleet</lockboxbusiness>
		<country>US</country>
		<securitypolicyid>{CA27C197-B09A-4564-849A-8AD322502100}
		</securitypolicyid>
		<bankname>NT</bankname>
	</lockbox>
	<lockbox> 
		<lockboxid>96784</lockboxid>
		<lockboxbusiness>Fleet</lockboxbusiness>
		<country>US</country>
		<securitypolicyid>{CA27C197-B09A-4564-849A-8AD322502100}
		</securitypolicyid>
		<bankname>NT</bankname>
	</lockbox>
	<lockbox> 
		<lockboxid>75554</lockboxid>
		<lockboxbusiness>Fleet</lockboxbusiness>
		<country>US</country>
		<securitypolicyid>{CA27C197-B09A-4564-849A-8AD322502100}
		</securitypolicyid>
		<bankname>NT</bankname>
	</lockbox>
	
	<lockbox> 
		<lockboxid>91752</lockboxid>
		<lockboxbusiness>CDF</lockboxbusiness>
		<country>US</country>
		<securitypolicyid>{D154D9EE-1CC3-482B-B8C9-C55ADD8C3FDA}
		</securitypolicyid>
		<bankname>NT</bankname>
	</lockbox>
	<lockbox>
		<lockboxid>96995</lockboxid>
		<lockboxbusiness>CDF</lockboxbusiness>
		<country>US</country>
		<securitypolicyid>{D154D9EE-1CC3-482B-B8C9-C55ADD8C3FDA}
		</securitypolicyid>
		<bankname>NT</bankname>
	</lockbox>
	<lockbox>
		<lockboxid>91814</lockboxid>
		<lockboxbusiness>CDF</lockboxbusiness>
		<country>US</country>
		<securitypolicyid>{D154D9EE-1CC3-482B-B8C9-C55ADD8C3FDA}
		</securitypolicyid>
		<bankname>NT</bankname>
	</lockbox>
	<lockbox>
		<lockboxid>91902</lockboxid>
		<lockboxbusiness>CDF</lockboxbusiness>
		<country>US</country>
		<securitypolicyid>{D154D9EE-1CC3-482B-B8C9-C55ADD8C3FDA}
		</securitypolicyid>
		<bankname>NT</bankname>
	</lockbox>
	<lockbox>
		<lockboxid>91957</lockboxid>
		<lockboxbusiness>CDF</lockboxbusiness>
		<country>US</country>
		<securitypolicyid>{D154D9EE-1CC3-482B-B8C9-C55ADD8C3FDA}
		</securitypolicyid>
		<bankname>NT</bankname>
	</lockbox>
	<lockbox>
		<lockboxid>91040</lockboxid>
		<lockboxbusiness>CDF</lockboxbusiness>
		<country>US</country>
		<securitypolicyid>{D154D9EE-1CC3-482B-B8C9-C55ADD8C3FDA}
		</securitypolicyid>
		<bankname>NT</bankname>
	</lockbox>
	<lockbox>
		<lockboxid>74651</lockboxid>
		<lockboxbusiness>CDF</lockboxbusiness>
		<country>US</country>
		<securitypolicyid>{D154D9EE-1CC3-482B-B8C9-C55ADD8C3FDA}
		</securitypolicyid>
		<bankname>NT</bankname>
	</lockbox>
	<lockbox>
		<lockboxid>74666</lockboxid>
		<lockboxbusiness>CDF</lockboxbusiness>
		<country>US</country>
		<securitypolicyid>{D154D9EE-1CC3-482B-B8C9-C55ADD8C3FDA}
		</securitypolicyid>
		<bankname>NT</bankname>
	</lockbox>
	<lockbox>
		<lockboxid>74677</lockboxid>
		<lockboxbusiness>CDF</lockboxbusiness>
		<country>US</country>
		<securitypolicyid>{D154D9EE-1CC3-482B-B8C9-C55ADD8C3FDA}
		</securitypolicyid>
		<bankname>NT</bankname>
	</lockbox>
	<lockbox>
		<lockboxid>74697</lockboxid>
		<lockboxbusiness>CDF</lockboxbusiness>
		<country>US</country>
		<securitypolicyid>{D154D9EE-1CC3-482B-B8C9-C55ADD8C3FDA}
		</securitypolicyid>
		<bankname>NT</bankname>
	</lockbox>
	<lockbox>
		<lockboxid>91075</lockboxid>
		<lockboxbusiness>CDF</lockboxbusiness>
		<country>US</country>
		<securitypolicyid>{D154D9EE-1CC3-482B-B8C9-C55ADD8C3FDA}
		</securitypolicyid>
		<bankname>NT</bankname>
	</lockbox>
	<lockbox>
		<lockboxid>92820</lockboxid>
		<lockboxbusiness>CDF</lockboxbusiness>
		<country>US</country>
		<securitypolicyid>{D154D9EE-1CC3-482B-B8C9-C55ADD8C3FDA}
		</securitypolicyid>
		<bankname>NT</bankname>
	</lockbox>
	<lockbox>
		<lockboxid>96017</lockboxid>
		<lockboxbusiness>CDF</lockboxbusiness>
		<country>US</country>
		<securitypolicyid>{D154D9EE-1CC3-482B-B8C9-C55ADD8C3FDA}
		</securitypolicyid>
		<bankname>NT</bankname>
	</lockbox>
	<lockbox>
		<lockboxid>96798</lockboxid>
		<lockboxbusiness>CDF</lockboxbusiness>
		<country>US</country>
		<securitypolicyid>{D154D9EE-1CC3-482B-B8C9-C55ADD8C3FDA}
		</securitypolicyid>
		<bankname>NT</bankname>
	</lockbox>
	<lockbox>
		<lockboxid>96869</lockboxid>
		<lockboxbusiness>CDF</lockboxbusiness>
		<country>US</country>
		<securitypolicyid>{D154D9EE-1CC3-482B-B8C9-C55ADD8C3FDA}
		</securitypolicyid>
		<bankname>NT</bankname>
	</lockbox>
	<lockbox>
		<lockboxid>96939</lockboxid>
		<lockboxbusiness>CDF</lockboxbusiness>
		<country>US</country>
		<securitypolicyid>{D154D9EE-1CC3-482B-B8C9-C55ADD8C3FDA}
		</securitypolicyid>
		<bankname>NT</bankname>
	</lockbox>
	<lockbox>
		<lockboxid>96999</lockboxid>
		<lockboxbusiness>CDF</lockboxbusiness>
		<country>US</country>
		<securitypolicyid>{D154D9EE-1CC3-482B-B8C9-C55ADD8C3FDA}
		</securitypolicyid>
		<bankname>NT</bankname>
	</lockbox>
	<lockbox>
		<lockboxid>91474</lockboxid>
		<lockboxbusiness>CDF</lockboxbusiness>
		<country>US</country>
		<securitypolicyid>{D154D9EE-1CC3-482B-B8C9-C55ADD8C3FDA}
		</securitypolicyid>
		<bankname>NT</bankname>
	</lockbox>
	<!--End of Northern Trust Business Mappings -->
	<!--RBC Business Mappings -->
	
	<lockbox>
		<lockboxid>T08782C</lockboxid>
		<lockboxbusiness>CDF</lockboxbusiness>
		<country>CANADA</country>
		<securitypolicyid>{5049F8F7-2086-4F2C-9D59-DC1F702064E7}
		</securitypolicyid>
		<bankname>RBC</bankname>
	</lockbox>
	
	
	<lockbox>
		<lockboxid>T09776C</lockboxid>
		<lockboxbusiness>CDF</lockboxbusiness>
		<country>CANADA</country>
		<securitypolicyid>{5049F8F7-2086-4F2C-9D59-DC1F702064E7}
		</securitypolicyid>
		<bankname>RBC</bankname>
	</lockbox>
	
	<lockbox>
		<lockboxid>T08937U</lockboxid>
		<lockboxbusiness>CDF</lockboxbusiness>
		<country>CANADA</country>
		<securitypolicyid>{5049F8F7-2086-4F2C-9D59-DC1F702064E7}
		</securitypolicyid>
		<bankname>RBC</bankname>
	</lockbox>
	
	<lockbox>
		<lockboxid>T09790U</lockboxid>
		<lockboxbusiness>CANADA</lockboxbusiness>
		<country>CANADA</country>
		<securitypolicyid>{81D3E4EA-B802-4FCC-BED9-94489ED5DCE6}
		</securitypolicyid>
		<bankname>RBC</bankname>
	</lockbox>
	
	<lockbox>
		<lockboxid>T09476C</lockboxid>
		<lockboxbusiness>CDF</lockboxbusiness>
		<country>CANADA</country>
		<securitypolicyid>{5049F8F7-2086-4F2C-9D59-DC1F702064E7}
		</securitypolicyid>
		<bankname>RBC</bankname>
	</lockbox>

	<lockbox>
		<lockboxid>T07446C</lockboxid>
		<lockboxbusiness>CANADA</lockboxbusiness>
		<country>CANADA</country>
		<securitypolicyid>{81D3E4EA-B802-4FCC-BED9-94489ED5DCE6}
		</securitypolicyid>
		<bankname>RBC</bankname>
	</lockbox>
	<lockbox>
		<lockboxid>T07446U</lockboxid>
		<lockboxbusiness>CANADA</lockboxbusiness>
		<country>CANADA</country>
		<securitypolicyid>{81D3E4EA-B802-4FCC-BED9-94489ED5DCE6}
		</securitypolicyid>
		<bankname>RBC</bankname>
	</lockbox>
	
	<lockbox>
		<lockboxid>T07892C</lockboxid>
		<lockboxbusiness>CDF</lockboxbusiness>
		<country>CANADA</country>
		<securitypolicyid>{5049F8F7-2086-4F2C-9D59-DC1F702064E7}
		</securitypolicyid>
		<bankname>RBC</bankname>
	</lockbox>
	<lockbox>
		<lockboxid>T08743U</lockboxid>
		<lockboxbusiness>CANADA</lockboxbusiness>
		<country>CANADA</country>
		<securitypolicyid>{81D3E4EA-B802-4FCC-BED9-94489ED5DCE6}
		</securitypolicyid>
		<bankname>RBC</bankname>
	</lockbox>
	
	<lockbox>
		<lockboxid>T08745C</lockboxid>
		<lockboxbusiness>CANADA</lockboxbusiness>
		<country>CANADA</country>
		<securitypolicyid>{81D3E4EA-B802-4FCC-BED9-94489ED5DCE6}
		</securitypolicyid>
		<bankname>RBC</bankname>
	</lockbox>
	<lockbox>
		<lockboxid>T09542U</lockboxid>
		<lockboxbusiness>CANADA</lockboxbusiness>
		<country>CANADA</country>
		<securitypolicyid>{81D3E4EA-B802-4FCC-BED9-94489ED5DCE6}
		</securitypolicyid>
		<bankname>RBC</bankname>
	</lockbox>
		<lockbox>
		<lockboxid>T09790C</lockboxid>
		<lockboxbusiness>CANADA</lockboxbusiness>
		<country>CANADA</country>
		<securitypolicyid>{81D3E4EA-B802-4FCC-BED9-94489ED5DCE6}
		</securitypolicyid>
		<bankname>RBC</bankname>
	</lockbox>
	
	<lockbox>
		<lockboxid>T09424C</lockboxid>
		<lockboxbusiness>CANADA</lockboxbusiness>
		<country>CANADA</country>
		<securitypolicyid>{81D3E4EA-B802-4FCC-BED9-94489ED5DCE6}
		</securitypolicyid>
		<bankname>RBC</bankname>
	</lockbox>
	<lockbox>
		<lockboxid>T07839U</lockboxid>
		<lockboxbusiness>CDF</lockboxbusiness>
		<country>CANADA</country>
		<securitypolicyid>{5049F8F7-2086-4F2C-9D59-DC1F702064E7}
		</securitypolicyid>
		<bankname>RBC</bankname>
	</lockbox>
	<lockbox>
		<lockboxid>T04553C</lockboxid>
		<lockboxbusiness>CANADA</lockboxbusiness>
		<country>CANADA</country>
		<securitypolicyid>{81D3E4EA-B802-4FCC-BED9-94489ED5DCE6}
		</securitypolicyid>
		<bankname>RBC</bankname>
	</lockbox>
	<lockbox>
		<lockboxid>T09763C</lockboxid>
		<lockboxbusiness>CANADA</lockboxbusiness>
		<country>CANADA</country>
		<securitypolicyid>{81D3E4EA-B802-4FCC-BED9-94489ED5DCE6}
		</securitypolicyid>
		<bankname>RBC</bankname>
	</lockbox>
	<lockbox>
		<lockboxid>T08904C</lockboxid>
		<lockboxbusiness>CANADA</lockboxbusiness>
		<country>CANADA</country>
		<securitypolicyid>{81D3E4EA-B802-4FCC-BED9-94489ED5DCE6}
		</securitypolicyid>
		<bankname>RBC</bankname>
	</lockbox>
	
	<lockbox>
		<lockboxid>T08904U</lockboxid>
		<lockboxbusiness>CANADA</lockboxbusiness>
		<country>CANADA</country>
		<securitypolicyid>{81D3E4EA-B802-4FCC-BED9-94489ED5DCE6}
		</securitypolicyid>
		<bankname>RBC</bankname>
	</lockbox>
    <lockbox>
		<lockboxid>T04553U</lockboxid>
		<lockboxbusiness>CANADA</lockboxbusiness>
		<country>CANADA</country>
		<securitypolicyid>{81D3E4EA-B802-4FCC-BED9-94489ED5DCE6}
		</securitypolicyid>
		<bankname>RBC</bankname>
	</lockbox>
	<lockbox>
		<lockboxid>T09542C</lockboxid>
		<lockboxbusiness>CANADA</lockboxbusiness>
		<country>CANADA</country>
		<securitypolicyid>{81D3E4EA-B802-4FCC-BED9-94489ED5DCE6}
		</securitypolicyid>
		<bankname>RBC</bankname>
	</lockbox>
	
	<!--Begin of RBC New Lockbox Mappings -->
	<lockbox>
		<lockboxid>T08728C</lockboxid>
		<lockboxbusiness>Fleet</lockboxbusiness>
		<country>CANADA</country>
		<securitypolicyid>{546CB0A9-95DC-4680-AB3F-FC09B8E22DCE}
		</securitypolicyid>
		<bankname>RBC</bankname>
	</lockbox>
	<lockbox>
		<lockboxid>T09221C</lockboxid>
		<lockboxbusiness>Fleet</lockboxbusiness>
		<country>CANADA</country>
		<securitypolicyid>{546CB0A9-95DC-4680-AB3F-FC09B8E22DCE}
		</securitypolicyid>
		<bankname>RBC</bankname>
	</lockbox>
	<lockbox>
		<lockboxid>T09313C</lockboxid>
		<lockboxbusiness>Fleet</lockboxbusiness>
		<country>CANADA</country>
		<securitypolicyid>{546CB0A9-95DC-4680-AB3F-FC09B8E22DCE}
		</securitypolicyid>
		<bankname>RBC</bankname>
	</lockbox>
	<!--End of RBC New Lockbox Mappings -->
	
	<!--End of RBC Business Mappings -->
</mappings>
 