<?xml version="1.0" encoding="UTF-8" standalone="no"?>

<Mappings>
	<ObjectStores>
		<ObjectStore name="LOCKBOX">
			<Class ID="PMSLockbox">
			
				<Properties>
					<Property symname="gecap_accSchedule" rule="CSV"
						value="" mappedTo="Account Number" dataType="String"
						mandatory="y" cardinality="Multi"/>
					<Property symname="gecap_invoiceNumber" rule="CSV" value=""
						mappedTo="Invoice Number" dataType="String" mandatory="y" cardinality="Multi"/>						
					<!--  <Property symname="InvioceNumberDisplay" rule="Display"
						value="" mappedTo="InvoiceNumber" dataType="String"
						mandatory="y"/>
					<Property symname="BillingIDDisplay" rule="Display" value=""
						mappedTo="BillingIDM" dataType="String" mandatory="y"/>-->	
						
					<Property symname="gecap_checkNumber" rule="CSV" value=""
						mappedTo="Check Num" dataType="String" mandatory="y"/>
						
						<!-- New Properties -->
						
						<Property symname="gecap_checkLast8" rule="CSV" value=""
						mappedTo="Check Num" dataType="String"  mandatory="n"/>
						<Property symname="gecap_currentAmount" rule="CSV" value=""
						mappedTo="Current Amount" dataType="String" mandatory="n"/>
						<Property symname="gecap_totalAmount" rule="CSV" value=""
						mappedTo="Total Amount" dataType="String" mandatory="n"/>
						
						<!--  End -->

					<!-- Added two new values for PNC Bank Trans UID and TID -->
						
						<Property symname="gecap_lockboxTransUID" rule="CSV" value="" 
						mappedTo="Trans UID" dataType="String" mandatory="n" />
						
						<Property symname="gecap_lockboxTID" rule="CSV" value="" 
						mappedTo="TID" dataType="String" mandatory="n" />	
												
					<!-- End of New values  -->	
						
						
					<Property symname="gecap_checkingAccNumber" rule="CSV" value=""
						mappedTo="Account Num" dataType="String" mandatory="y"/>
					<!--<Property symname="gecap_depositDate" rule="CSV" value=""
						mappedTo="Date" dataType="Date" mandatory="y"/>-->					
					<Property symname="gecap_ABANumber" rule="CSV" value=""
						mappedTo="ABA/RT" dataType="String" mandatory=""/>
					<Property symname="gecap_lockboxNumber" rule="CSV" value=""
						mappedTo="Lockbox" dataType="String" mandatory="y"/>		
					<Property symname="gecap_batchNumber" rule="CSV" value=""
						mappedTo="Batch" dataType="String" mandatory="y" />									
					<Property symname="gecap_batchItem" rule="CSV" value=""
						mappedTo="Batch Item" dataType="String" mandatory="y" />	
					<Property symname="gecap_sourceType" rule="CSV"
						value="" mappedTo="Source Bank Name" dataType="String"
						mandatory="y"/>
					<!-- <Property symname="CheckAmountStr" rule="CSV" value=""
						mappedTo="Check Amount" dataType="String" mandatory="y"/>-->
					<Property symname="gecap_checkAmount" rule="CSV" value=""
						mappedTo="Check Amount" dataType="Double" mandatory="y"/>
					
					<!-- <Property symname="AccessSecurity" rule="Default"
						value="N" mappedTo="" dataType="String" mandatory="y" />
					<Property symname="BankSecurity" rule="Default"
						value="N" mappedTo="" dataType="String" mandatory="y" />
					<Property symname="IsSecurityUpdated" rule="Default"
						value="N" mappedTo="" dataType="String" mandatory="y" />
					<Property symname="InvalidData" rule="Default"
						value="V" mappedTo="" dataType="String" mandatory="y" />
					<Property symname="Restriction" rule="Default"
						value="N" mappedTo="" dataType="String" mandatory="y" />
					<Property symname="SecurityDisplay" rule="Default"
						value="N" mappedTo="" dataType="String" mandatory="y" />-->
					
					<Property symname="gecap_imageType" rule="FeedDriven"
						value="" mappedTo="" dataType="String"
						mandatory="y"/>					
				<!--	<Property symname="Pages" rule="FeedDriven"
						value="" mappedTo="" dataType="Integer"
						mandatory="y"/>-->	
												
					<Property symname="" rule="Content" value=""
						mappedTo="Check Image" dataType="" mandatory="" />
					<Property symname="" rule="Content" value=""
						mappedTo="Envelope Image" dataType="" mandatory="" />
					<Property symname="" rule="Content" value=""
						mappedTo="Invoice Image" dataType="" mandatory="" />	

												
									
				</Properties>
			</Class>
			
			<Class ID="FleetLockbox">
			
				<Properties>
					<Property symname="gecap_invoiceNumber" rule="CSV" value=""
						mappedTo="Invoice Number" dataType="String" mandatory="y" cardinality="Multi"></Property>
						
				<!--	<Property symname="InvioceNumberDisplay" rule="Display"
						value="" mappedTo="InvoiceNumber" dataType="String"
						mandatory="y"/>	-->		
						
					<Property symname="gecap_checkNumber" rule="CSV" value=""
						mappedTo="Check Num" dataType="String" mandatory="y"/>
					<Property symname="gecap_checkingAccNumber" rule="CSV" value=""
						mappedTo="Account Num" dataType="String" mandatory="y"/>
					<!--<Property symname="gecap_depositDate" rule="CSV" value=""
						mappedTo="Date" dataType="Date" mandatory="y"/>-->				
					<Property symname="gecap_ABANumber" rule="CSV" value=""
						mappedTo="ABA/RT" dataType="String" mandatory=""/>
					<Property symname="gecap_lockboxNumber" rule="CSV" value=""
						mappedTo="Lockbox" dataType="String" mandatory="y"/>		
					<Property symname="gecap_batchNumber" rule="CSV" value=""
						mappedTo="Batch" dataType="String" mandatory="y" />									
					<Property symname="gecap_batchItem" rule="CSV" value=""
						mappedTo="Batch Item" dataType="String" mandatory="y" />	
						
					<Property symname="gecap_sourceType" rule="CSV"
						value="" mappedTo="Source Bank Name" dataType="String"
						mandatory="y"/>
					<!--<Property symname="CheckAmountStr" rule="CSV" value=""
						mappedTo="Check Amount" dataType="String" mandatory="y"/>-->		
					<Property symname="gecap_checkAmount" rule="CSV" value=""
						mappedTo="Check Amount" dataType="Double" mandatory="y"/>


					<!-- Added two new values for PNC Bank Trans UID and TID -->
						
						<Property symname="gecap_lockboxTransUID" rule="CSV" value="" 
						mappedTo="Trans UID" dataType="String" mandatory="n" />
						
						<Property symname="gecap_lockboxTID" rule="CSV" value="" 
						mappedTo="TID" dataType="String" mandatory="n" />	
												
					<!-- End of New values  -->	

					
					<!--<Property symname="AccessSecurity" rule="Default"
						value="N" mappedTo="" dataType="String" mandatory="y" />
					<Property symname="BankSecurity" rule="Default"
						value="N" mappedTo="" dataType="String" mandatory="y" />
					<Property symname="IsSecurityUpdated" rule="Default"
						value="N" mappedTo="" dataType="String" mandatory="y" />
					<Property symname="InvalidData" rule="Default"
						value="V" mappedTo="" dataType="String" mandatory="y" />
					<Property symname="Restriction" rule="Default"
						value="N" mappedTo="" dataType="String" mandatory="y" />
					<Property symname="SecurityDisplay" rule="Default"
						value="N" mappedTo="" dataType="String" mandatory="y" />-->	
					
					<Property symname="gecap_imageType" rule="FeedDriven"
						value="" mappedTo="" dataType="String"
						mandatory="y"/>					
					<!--<Property symname="Pages" rule="FeedDriven"
						value="" mappedTo="" dataType="Integer"
						mandatory="y"/>-->		
					
					<Property symname="" rule="Content" value=""
						mappedTo="Check Image" dataType="" mandatory="" />
					<Property symname="" rule="Content" value=""
						mappedTo="Envelope Image" dataType="" mandatory="" />
					<Property symname="" rule="Content" value=""
						mappedTo="Invoice Image" dataType="" mandatory="" />
					<Property symname="gecap_imagePath" rule="Content" value=""
						mappedTo="Image Path" dataType="" mandatory="" />	

											
									
				</Properties>
			</Class>
		</ObjectStore>
	</ObjectStores>
</Mappings>