<?xml version="1.0" encoding="UTF-8" standalone="no"?>

<Mappings>
	<ObjectStores>
		<ObjectStore name="LOCKBOX">
			<Class ID="PMSLockbox">
			
				<Properties>
					<Property symname="BillingIDM" rule="CSV"
						value="" mappedTo="Account Number" dataType="String"
						mandatory="y" cardinality="Multi"/>
					<Property symname="InvoiceNumber" rule="CSV" value=""
						mappedTo="Invoice Number" dataType="String" mandatory="y" cardinality="Multi"/>
						
					<Property symname="InvioceNumberDisplay" rule="Display"
						value="" mappedTo="InvoiceNumber" dataType="String"
						mandatory="y"/>
					<Property symname="BillingIDDisplay" rule="Display" value=""
						mappedTo="BillingIDM" dataType="String" mandatory="y"/>	
						
					<Property symname="CheckNumber" rule="CSV" value=""
						mappedTo="Check Num" dataType="String" mandatory="y"/>
						
						<!-- New Properties -->
						
						<Property symname="CheckLast8" rule="CSV" value=""
						mappedTo="Check Num" dataType="String"  mandatory="n"/>
						<Property symname="CurrentAmount" rule="CSV" value=""
						mappedTo="Current Amount" dataType="String" mandatory="n"/>
						<Property symname="TotalAmount" rule="CSV" value=""
						mappedTo="Total Amount" dataType="String" mandatory="n"/>
						
						<!--  End -->
						
						
					<Property symname="CheckingAccountNumber" rule="CSV" value=""
						mappedTo="Account Num" dataType="String" mandatory="y"/>
					<Property symname="DepositDate" rule="CSV" value=""
						mappedTo="Date" dataType="Date" mandatory="y"/>					
					<Property symname="ABANumber" rule="CSV" value=""
						mappedTo="ABA/RT" dataType="String" mandatory=""/>
					<Property symname="LockboxNumber" rule="CSV" value=""
						mappedTo="Lockbox" dataType="String" mandatory="y"/>		
					<Property symname="BatchNumber" rule="CSV" value=""
						mappedTo="Batch" dataType="String" mandatory="y" />									
					<Property symname="BatchItem" rule="CSV" value=""
						mappedTo="Batch Item" dataType="String" mandatory="y" />	
					<Property symname="SourceType" rule="CSV"
						value="" mappedTo="Source Bank Name" dataType="String"
						mandatory="y"/>
					<Property symname="CheckAmountStr" rule="CSV" value=""
						mappedTo="Check Amount" dataType="String" mandatory="y"/>
					<Property symname="CheckAmount" rule="CSV" value=""
						mappedTo="Check Amount" dataType="Double" mandatory="y"/>
					
					<Property symname="AccessSecurity" rule="Default"
						value="N" mappedTo="" dataType="String" mandatory="y" />
					<Property symname="BankSecurity" rule="Default"
						value="N" mappedTo="" dataType="String" mandatory="y" />
					<Property symname="IsSecurityUpdated" rule="Default"
						value="N" mappedTo="" dataType="String" mandatory="y" />
					<Property symname="InvalidData" rule="Default"
						value="V" mappedTo="" dataType="String" mandatory="y" />
					<Property symname="Restriction" rule="Default"
						value="N" mappedTo="" dataType="String" mandatory="y" />
					<Property symname="SecurityDisplay" rule="Default"
						value="N" mappedTo="" dataType="String" mandatory="y" />
					
					<Property symname="ImageType" rule="FeedDriven"
						value="" mappedTo="" dataType="String"
						mandatory="y"/>					
					<Property symname="Pages" rule="FeedDriven"
						value="" mappedTo="" dataType="Integer"
						mandatory="y"/>
												
					<Property symname="" rule="Content" value=""
						mappedTo="Check Image" dataType="" mandatory="" />
					<Property symname="" rule="Content" value=""
						mappedTo="Envelope Image" dataType="" mandatory="" />
					<Property symname="" rule="Content" value=""
						mappedTo="Invoice Image" dataType="" mandatory="" />									
									
				</Properties>
			</Class>
			
			<Class ID="FleetLockbox">
			
				<Properties>
					<Property symname="InvoiceNumber" rule="CSV" value=""
						mappedTo="Invoice Number" dataType="String" mandatory="y" cardinality="Multi"></Property>
						
					<Property symname="InvioceNumberDisplay" rule="Display"
						value="" mappedTo="InvoiceNumber" dataType="String"
						mandatory="y"/>	
						
					<Property symname="CheckNumber" rule="CSV" value=""
						mappedTo="Check Num" dataType="String" mandatory="y"/>
					<Property symname="CheckingAccountNumber" rule="CSV" value=""
						mappedTo="Account Num" dataType="String" mandatory="y"/>
					<Property symname="DepositDate" rule="CSV" value=""
						mappedTo="Date" dataType="Date" mandatory="y"/>					
					<Property symname="ABANumber" rule="CSV" value=""
						mappedTo="ABA/RT" dataType="String" mandatory=""/>
					<Property symname="LockboxNumber" rule="CSV" value=""
						mappedTo="Lockbox" dataType="String" mandatory="y"/>		
					<Property symname="BatchNumber" rule="CSV" value=""
						mappedTo="Batch" dataType="String" mandatory="y" />									
					<Property symname="BatchItem" rule="CSV" value=""
						mappedTo="Batch Item" dataType="String" mandatory="y" />	
					<Property symname="SourceType" rule="CSV"
						value="" mappedTo="Source Bank Name" dataType="String"
						mandatory="y"/>
					<Property symname="CheckAmountStr" rule="CSV" value=""
						mappedTo="Check Amount" dataType="String" mandatory="y"/>
					<Property symname="CheckAmount" rule="CSV" value=""
						mappedTo="Check Amount" dataType="Double" mandatory="y"/>
					
					<Property symname="AccessSecurity" rule="Default"
						value="N" mappedTo="" dataType="String" mandatory="y" />
					<Property symname="BankSecurity" rule="Default"
						value="N" mappedTo="" dataType="String" mandatory="y" />
					<Property symname="IsSecurityUpdated" rule="Default"
						value="N" mappedTo="" dataType="String" mandatory="y" />
					<Property symname="InvalidData" rule="Default"
						value="V" mappedTo="" dataType="String" mandatory="y" />
					<Property symname="Restriction" rule="Default"
						value="N" mappedTo="" dataType="String" mandatory="y" />
					<Property symname="SecurityDisplay" rule="Default"
						value="N" mappedTo="" dataType="String" mandatory="y" />
					
					<Property symname="ImageType" rule="FeedDriven"
						value="" mappedTo="" dataType="String"
						mandatory="y"/>					
					<Property symname="Pages" rule="FeedDriven"
						value="" mappedTo="" dataType="Integer"
						mandatory="y"/>
					
					<Property symname="" rule="Content" value=""
						mappedTo="Check Image" dataType="" mandatory="" />
					<Property symname="" rule="Content" value=""
						mappedTo="Envelope Image" dataType="" mandatory="" />
					<Property symname="" rule="Content" value=""
						mappedTo="Invoice Image" dataType="" mandatory="" />
					<Property symname="" rule="Content" value=""
						mappedTo="Image Path" dataType="" mandatory="" />									
									
				</Properties>
			</Class>
		</ObjectStore>
<ObjectStore name="FLEET">
			
			<Class ID="FleetLockbox">
			
				<Properties>
					<Property symname="LockBoxInvoiceNumber" rule="CSV" value=""
						mappedTo="Invoice Number" dataType="String" mandatory="y" cardinality="Multi"></Property>
						
					<Property symname="InvioceNumberDisplay" rule="Display"
						value="" mappedTo="LockBoxInvoiceNumber" dataType="String"
						mandatory="y"/>	
						
					<Property symname="CheckNumber" rule="CSV" value=""
						mappedTo="Check Num" dataType="String" mandatory="y"/>
					<Property symname="CheckingAccountNumber" rule="CSV" value=""
						mappedTo="Account Num" dataType="String" mandatory="y"/>
					<Property symname="DepositDate" rule="CSV" value=""
						mappedTo="Date" dataType="Date" mandatory="y"/>					
					<Property symname="ABANumber" rule="CSV" value=""
						mappedTo="ABA/RT" dataType="String" mandatory=""/>
					<Property symname="LockboxNumber" rule="CSV" value=""
						mappedTo="Lockbox" dataType="String" mandatory="y"/>		
					<Property symname="BatchNumber" rule="CSV" value=""
						mappedTo="Batch" dataType="String" mandatory="y" />									
					<Property symname="BatchItem" rule="CSV" value=""
						mappedTo="Batch Item" dataType="String" mandatory="y" />	
					<Property symname="SourceType" rule="CSV"
						value="" mappedTo="Source Bank Name" dataType="String"
						mandatory="y"/>
					<Property symname="CheckAmountStr" rule="CSV" value=""
						mappedTo="Check Amount" dataType="String" mandatory="y"/>
					<Property symname="CheckAmount" rule="CSV" value=""
						mappedTo="Check Amount" dataType="Double" mandatory="y"/>
					
					<Property symname="AccessSecurity" rule="Default"
						value="N" mappedTo="" dataType="String" mandatory="y" />
					<Property symname="BankSecurity" rule="Default"
						value="N" mappedTo="" dataType="String" mandatory="y" />
					<Property symname="IsSecurityUpdated" rule="Default"
						value="N" mappedTo="" dataType="String" mandatory="y" />
					<Property symname="InvalidData" rule="Default"
						value="V" mappedTo="" dataType="String" mandatory="y" />
					<Property symname="Restriction" rule="Default"
						value="N" mappedTo="" dataType="String" mandatory="y" />
					<Property symname="SecurityDisplay" rule="Default"
						value="N" mappedTo="" dataType="String" mandatory="y" />
					
					<Property symname="ImageType" rule="FeedDriven"
						value="" mappedTo="" dataType="String"
						mandatory="y"/>					
					<Property symname="Pages" rule="FeedDriven"
						value="" mappedTo="" dataType="Integer"
						mandatory="y"/>
					
					<Property symname="" rule="Content" value=""
						mappedTo="Check Image" dataType="" mandatory="" />
					<Property symname="" rule="Content" value=""
						mappedTo="Envelope Image" dataType="" mandatory="" />
					<Property symname="" rule="Content" value=""
						mappedTo="Invoice Image" dataType="" mandatory="" />
					<Property symname="" rule="Content" value=""
						mappedTo="Image Path" dataType="" mandatory="" />									
									
				</Properties>
			</Class>
		</ObjectStore>
		
		<!-- WFC Lockbox CANADA MAPPING -->
		
		<ObjectStore name="WFCLockbox">
			<Class ID="WFC_PMS_Lockbox">
			
				<Properties>
					<Property symname="BillingIDM" rule="CSV"
                     value="" mappedTo="Account Num" dataType="String"
                      mandatory="n" cardinality="Multi"/>

                    <Property symname="InvoiceNumber" rule="CSV" value=""
                      mappedTo="Invoice Number" dataType="String" mandatory="y" cardinality="Multi"/>

                     <Property symname="InvioceNumberDisplay" rule="Display"
                       value="" mappedTo="InvoiceNumber" dataType="String"
                       mandatory="y"/>
                      <Property symname="BillingIDDisplay" rule="Display" value=""
                      mappedTo="BillingIDM" dataType="String" mandatory="n"/> 

                     <Property symname="CheckNumber" rule="CSV" value=""
                     mappedTo="Check Num" dataType="String" mandatory="y"/>

                     <Property symname="CheckLast8" rule="CSV" value=""
                      mappedTo="Check Num" dataType="String"  mandatory="n"/>



                       <Property symname="CurrentAmount" rule="CSV" value=""
                      mappedTo="Check Amount" dataType="String" mandatory="n"/>
                      <Property symname="TotalAmount" rule="CSV" value=""
                       mappedTo="Check Amount" dataType="String" mandatory="n"/>
						
			
						
						
					<Property symname="CheckingAccountNumber" rule="CSV" value=""
						mappedTo="Account Num" dataType="String" mandatory="y"/>
					<Property symname="DepositDate" rule="CSV" value=""
						mappedTo="Date" dataType="Date" mandatory="y"/>					
					<Property symname="ABANumber" rule="CSV" value=""
						mappedTo="ABA/RT" dataType="String" mandatory=""/>
					<Property symname="LockboxNumber" rule="CSV" value=""
						mappedTo="Lockbox" dataType="String" mandatory="y"/>		
					<Property symname="BatchNumber" rule="CSV" value=""
						mappedTo="Batch" dataType="String" mandatory="y" />									
					<Property symname="BatchItem" rule="CSV" value=""
						mappedTo="Batch Item" dataType="String" mandatory="y" />	
					<Property symname="SourceType" rule="CSV"
						value="" mappedTo="Source Bank Name" dataType="String"
						mandatory="y"/>
					<Property symname="CheckAmountStr" rule="CSV" value=""
						mappedTo="Check Amount" dataType="String" mandatory="y"/>
					<Property symname="CheckAmount" rule="CSV" value=""
						mappedTo="Check Amount" dataType="Double" mandatory="y"/>
					
					<Property symname="AccessSecurity" rule="Default"
						value="N" mappedTo="" dataType="String" mandatory="y" />
					<Property symname="BankSecurity" rule="Default"
						value="N" mappedTo="" dataType="String" mandatory="y" />
					<Property symname="IsSecurityUpdated" rule="Default"
						value="N" mappedTo="" dataType="String" mandatory="y" />
					<Property symname="InvalidData" rule="Default"
						value="V" mappedTo="" dataType="String" mandatory="y" />
					<Property symname="Restriction" rule="Default"
						value="N" mappedTo="" dataType="String" mandatory="y" />
					<Property symname="SecurityDisplay" rule="Default"
						value="N" mappedTo="" dataType="String" mandatory="y" />
					
					<Property symname="ImageType" rule="FeedDriven"
						value="" mappedTo="" dataType="String"
						mandatory="y"/>					
					<Property symname="Pages" rule="FeedDriven"
						value="" mappedTo="" dataType="Integer"
						mandatory="y"/>
												
					<Property symname="" rule="Content" value=""
						mappedTo="Check Image" dataType="" mandatory="" />
					<Property symname="" rule="Content" value=""
						mappedTo="Envelope Image" dataType="" mandatory="" />
					<Property symname="" rule="Content" value=""
						mappedTo="Invoice Image" dataType="" mandatory="" />									
									
				</Properties>
			</Class>
			
			<Class ID="WFC_AIMS_Lockbox">
			
				<Properties>
					<Property symname="InvoiceNumber" rule="CSV" value=""
						mappedTo="Invoice Number" dataType="String" mandatory="y" cardinality="Multi"></Property>
						
					<Property symname="InvioceNumberDisplay" rule="Display"
						value="" mappedTo="InvoiceNumber" dataType="String"
						mandatory="y"/>	
						
					<Property symname="CheckNumber" rule="CSV" value=""
						mappedTo="Check Num" dataType="String" mandatory="y"/>
					<Property symname="CheckingAccountNumber" rule="CSV" value=""
						mappedTo="Account Num" dataType="String" mandatory="y"/>
					<Property symname="DepositDate" rule="CSV" value=""
						mappedTo="Date" dataType="Date" mandatory="y"/>					
					<Property symname="ABANumber" rule="CSV" value=""
						mappedTo="ABA/RT" dataType="String" mandatory=""/>
					<Property symname="LockboxNumber" rule="CSV" value=""
						mappedTo="Lockbox" dataType="String" mandatory="y"/>		
					<Property symname="BatchNumber" rule="CSV" value=""
						mappedTo="Batch" dataType="String" mandatory="y" />									
					<Property symname="BatchItem" rule="CSV" value=""
						mappedTo="Batch Item" dataType="String" mandatory="y" />	
					<Property symname="SourceType" rule="CSV"
						value="" mappedTo="Source Bank Name" dataType="String"
						mandatory="y"/>
					<Property symname="CheckAmountStr" rule="CSV" value=""
						mappedTo="Check Amount" dataType="String" mandatory="y"/>
					<Property symname="CheckAmount" rule="CSV" value=""
						mappedTo="Check Amount" dataType="Double" mandatory="y"/>
					
					<Property symname="AccessSecurity" rule="Default"
						value="N" mappedTo="" dataType="String" mandatory="y" />
					<Property symname="BankSecurity" rule="Default"
						value="N" mappedTo="" dataType="String" mandatory="y" />
					<Property symname="IsSecurityUpdated" rule="Default"
						value="N" mappedTo="" dataType="String" mandatory="y" />
					<Property symname="InvalidData" rule="Default"
						value="V" mappedTo="" dataType="String" mandatory="y" />
					<Property symname="Restriction" rule="Default"
						value="N" mappedTo="" dataType="String" mandatory="y" />
					<Property symname="SecurityDisplay" rule="Default"
						value="N" mappedTo="" dataType="String" mandatory="y" />
					
					<Property symname="ImageType" rule="FeedDriven"
						value="" mappedTo="" dataType="String"
						mandatory="y"/>					
					<Property symname="Pages" rule="FeedDriven"
						value="" mappedTo="" dataType="Integer"
						mandatory="y"/>
					
					<Property symname="" rule="Content" value=""
						mappedTo="Check Image" dataType="" mandatory="" />
					<Property symname="" rule="Content" value=""
						mappedTo="Envelope Image" dataType="" mandatory="" />
					<Property symname="" rule="Content" value=""
						mappedTo="Invoice Image" dataType="" mandatory="" />
					<Property symname="" rule="Content" value=""
						mappedTo="Image Path" dataType="" mandatory="" />									
									
				</Properties>
			</Class>
		</ObjectStore>

	</ObjectStores>
</Mappings>